City,Air_Quality,Index_Value,Prominent_Pollutant,No._of_Stations_Participated_Total_Stations,State
Bahadurgarh,Severe,436,"PM
2.5",1/1,Haryana
Delhi,Very Poor,370,"PM
2.5",39/39,Delhi
Noida,Very Poor,366,"PM
2.5",4/4,Uttar Pradesh
Meerut,Very Poor,353,"PM , PM
2.5 10",3/3,Uttar Pradesh
Ghaziabad,Very Poor,345,"PM
2.5",4/4,Uttar Pradesh
Greater Noida,Very Poor,340,"PM
2.5",2/2,Uttar Pradesh
Charkhi Dadri,Very Poor,338,"PM
2.5",1/1,Haryana
Hapur,Very Poor,331,"PM
2.5",1/1,Uttar Pradesh
Khurja,Very Poor,327,"PM
10",1/1,Uttar Pradesh
Rohtak,Very Poor,323,"PM
2.5",1/1,Haryana
Bulandshahr,Very Poor,310,"PM
10",1/1,Uttar Pradesh
Baghpat,Very Poor,308,"PM
2.5",1/2,Uttar Pradesh
Muzaffarnagar,Very Poor,305,"PM
2.5",1/1,Uttar Pradesh
Sirsa,Very Poor,303,"PM
2.5",1/1,Haryana
Jind,Very Poor,302,"PM
2.5",1/1,Haryana
Bhiwadi,Poor,296,"PM
2.5",2/2,Rajasthan
Fatehabad,Poor,296,"PM
2.5",1/1,Haryana
Manesar,Poor,270,"PM
2.5",1/1,Haryana
Hanumangarh,Poor,263,"PM
2.5",1/1,Rajasthan
Dharuhera,Poor,262,"PM
2.5",1/1,Haryana
Karnal,Poor,255,"PM
2.5",1/1,Haryana
Sikar,Poor,255,"PM
10",1/1,Rajasthan
Yamuna Nagar,Poor,254,"PM
2.5",1/1,Haryana
Kurukshetra,Poor,253,"PM
2.5",1/1,Haryana
Panipat,Poor,252,"PM
2.5",1/1,Haryana
Bhiwani,Poor,252,"PM
2.5",1/1,Haryana
Sonipat,Poor,251,"PM
2.5",1/1,Haryana
Bhubaneswar,Poor,247,"O
3",2/2,Odisha
Mandi Gobindgarh,Poor,243,"PM
2.5",1/1,Punjab
Gurugram,Poor,238,"PM , PM
2.5 10",4/4,Haryana
Katni,Poor,237,"PM
2.5",1/1,Madhya Pradesh
Kaithal,Poor,225,"PM
2.5",1/1,Haryana
Tonk,Poor,223,"PM
10",1/1,Rajasthan
Churu,Poor,223,"PM
10",1/1,Rajasthan
Gummidipoondi,Poor,221,"PM
2.5",1/1,Tamil Nadu
Faridabad,Poor,214,"PM , PM
2.5 10",3/4,Haryana
Sawai Madhopur,Poor,213,"PM
10",1/1,Rajasthan
Tirumala,Poor,212,"O
3",1/1,Andhra Pradesh
Khanna,Poor,212,"PM
2.5",1/1,Punjab
Bikaner,Poor,209,"PM
10",1/1,Rajasthan
Ludhiana,Poor,207,"PM
2.5",1/1,Punjab
Narnaul,Poor,204,"PM
2.5",1/1,Haryana
Mandideep,Poor,203,"PM
10",1/1,Madhya Pradesh
Nagaur,Poor,202,"PM
10",1/1,Rajasthan
Jhunjhunu,Poor,202,"PM
10",1/1,Rajasthan
"Aurangabad
(Maharashtra)",Moderate,198,"O , PM
3 2.5",2/3,Maharashtra
Lucknow,Moderate,192,"PM , PM
2.5 10",6/6,Uttar Pradesh
Palwal,Moderate,192,"PM
2.5",1/1,Haryana
Jaipur,Moderate,188,"PM , PM
2.5 10",6/6,Rajasthan
Kanpur,Moderate,185,"PM
2.5",3/4,Uttar Pradesh
Jalna,Moderate,185,"O
3",1/1,Maharashtra
Tirupati,Moderate,183,"PM
2.5",1/1,Andhra Pradesh
Kalyan,Moderate,181,"PM
2.5",1/2,Maharashtra
Hisar,Moderate,181,"PM
10",1/1,Haryana
Jalore,Moderate,180,"PM
10",1/1,Rajasthan
Jalgaon,Moderate,179,"PM
2.5",1/1,Maharashtra
Motihari,Moderate,177,"PM
10",1/1,Bihar
Ambala,Moderate,176,"PM
2.5",1/1,Haryana
Nanded,Moderate,175,"O
3",1/1,Maharashtra
Vapi,Moderate,175,"PM
2.5",1/1,Gujarat
Dholpur,Moderate,175,"PM
2.5",1/1,Rajasthan
Prayagraj,Moderate,174,"PM , PM
2.5 10",3/3,Uttar Pradesh
Bhilwara,Moderate,171,"PM
10",1/1,Rajasthan
Gwalior,Moderate,170,"PM
2.5",3/4,Madhya Pradesh
Byasanagar,Moderate,170,"O
3",1/1,Odisha
Bharatpur,Moderate,164,"O
3",1/1,Rajasthan
Dausa,Moderate,162,"PM
10",1/1,Rajasthan
Karauli,Moderate,162,"PM
10",1/1,Rajasthan
Panchkula,Moderate,160,"PM
2.5",1/1,Haryana
Cuttack,Moderate,160,"PM
2.5",1/1,Odisha
Patna,Moderate,159,"O , PM
3 2.5",6/6,Bihar
Sangli,Moderate,159,"PM
2.5",1/1,Maharashtra
Jhalawar,Moderate,158,"PM
10",1/1,Rajasthan
Vrindavan,Moderate,156,"PM
10",1/1,Uttar Pradesh
Kashipur,Moderate,156,"PM
2.5",1/1,Uttarakhand
Kishanganj,Moderate,154,"PM
2.5",1/1,Bihar
Hajipur,Moderate,152,"O
3",1/1,Bihar
Jalandhar,Moderate,150,"PM
2.5",1/1,Punjab
Banswara,Moderate,150,"O
3",1/1,Rajasthan
Gandhinagar,Moderate,149,"PM , PM
2.5 10",3/3,Gujarat
Agra,Moderate,148,"PM , PM
2.5 10",6/6,Uttar Pradesh
Gaya,Moderate,147,"PM , PM
2.5 10",3/3,Bihar
Jabalpur,Moderate,147,"PM , PM
2.5 10",4/4,Madhya Pradesh
Chandrapur,Moderate,146,"PM
10",2/2,Maharashtra
Jodhpur,Moderate,146,"PM , PM
2.5 10",5/5,Rajasthan
Talcher,Moderate,144,"PM
2.5",1/1,Odisha
Gorakhpur,Moderate,143,"PM
2.5",1/1,Uttar Pradesh
Barbil,Moderate,143,"PM
2.5",1/1,Odisha
Baddi,Moderate,141,"PM
2.5",1/1,Himachal Pradesh
Patiala,Moderate,141,"PM
10",1/1,Punjab
Baran,Moderate,140,"PM
10",1/1,Rajasthan
Angul,Moderate,140,"PM
2.5",1/1,Odisha
Moradabad,Moderate,139,"PM
2.5",6/7,Uttar Pradesh
Bettiah,Moderate,139,"PM
2.5",1/1,Bihar
Rairangpur,Moderate,139,"PM
10",1/1,Odisha
Ahmedabad,Moderate,138,"PM
2.5",8/9,Gujarat
Ajmer,Moderate,138,"PM
10",1/1,Rajasthan
Nagpur,Moderate,137,"PM
2.5",4/4,Maharashtra
Sri Ganganagar,Moderate,137,"PM
10",1/1,Rajasthan
Pratapgarh,Moderate,135,"PM
2.5",1/1,Uttar Pradesh
Kota,Moderate,135,"PM , PM
2.5 10",3/3,Rajasthan
Rourkela,Moderate,134,"PM
2.5",1/3,Odisha
Amritsar,Moderate,134,"PM
10",1/1,Punjab
Firozabad,Moderate,134,"PM , PM
2.5 10",2/2,Uttar Pradesh
Amaravati,Moderate,132,"PM
10",1/1,Andhra Pradesh
Sasaram,Moderate,132,"PM
10",1/1,Bihar
Cuddalore,Moderate,131,"PM
2.5",2/2,Tamil Nadu
Ballabgarh,Moderate,130,"PM
2.5",1/1,Haryana
Pithampur,Moderate,130,"PM
10",1/1,Madhya Pradesh
Bundi,Moderate,129,"PM
10",1/1,Rajasthan
Singrauli,Moderate,129,"PM
10",1/1,Madhya Pradesh
Vatva,Moderate,129,"PM
2.5",1/1,Gujarat
Bengaluru,Moderate,127,"PM
10",9/14,Karnataka
Amravati,Moderate,126,"PM , PM
2.5 10",2/2,Maharashtra
Chhapra,Moderate,126,"PM
10",1/1,Bihar
Kolkata,Moderate,126,"PM
2.5",7/7,West Bengal
Pudukottai,Moderate,124,"PM
2.5",1/1,Tamil Nadu
Sirohi,Moderate,122,"PM
10",1/1,Rajasthan
Barmer,Moderate,121,"PM
10",1/1,Rajasthan
Aurangabad (Bihar),Moderate,120,"PM
2.5",1/1,Bihar
Dewas,Moderate,120,"PM
10",1/1,Madhya Pradesh
Byrnihat,Moderate,117,"PM
2.5",1/1,Meghalaya
Bhopal,Moderate,117,"O , PM
3 10",3/3,Madhya Pradesh
Dungarpur,Moderate,117,"PM
10",1/1,Rajasthan
Visakhapatnam,Moderate,117,"PM
10",1/1,Andhra Pradesh
Asansol,Moderate,116,"PM , PM
2.5 10",4/4,West Bengal
Bathinda,Moderate,116,"PM
2.5",1/1,Punjab
Manguraha,Moderate,115,"PM
10",1/1,Bihar
Udaipur,Moderate,114,"PM
10",1/1,Rajasthan
Bileipada,Moderate,113,"PM
10",1/1,Odisha
Latur,Moderate,113,"O
3",1/1,Maharashtra
Ankleshwar,Moderate,113,"PM
10",1/1,Gujarat
Chennai,Moderate,112,"PM , PM
2.5 10",7/9,Tamil Nadu
Varanasi,Moderate,112,"PM
10",4/4,Uttar Pradesh
Belapur,Moderate,112,"PM
10",1/1,Maharashtra
Purnia,Moderate,111,"PM
2.5",1/1,Bihar
Dhule,Moderate,111,"PM
10",1/1,Maharashtra
Howrah,Moderate,111,"PM , PM
2.5 10",5/5,West Bengal
Jaisalmer,Moderate,110,"PM
10",1/1,Rajasthan
Araria,Moderate,110,"PM
2.5",1/1,Bihar
Mumbai,Moderate,109,"O , PM
3 10",26/30,Maharashtra
Chittorgarh,Moderate,108,"PM
10",1/1,Rajasthan
Puducherry,Moderate,108,"PM
2.5",1/1,Puducherry
Bhiwandi,Moderate,107,"PM
10",1/1,Maharashtra
Durgapur,Moderate,107,"PM
10",3/3,West Bengal
Rajamahendravaram,Moderate,107,"PM
10",1/1,Andhra Pradesh
Boisar,Moderate,106,"PM
10",1/1,Maharashtra
Dindigul,Moderate,106,"PM
10",1/1,Tamil Nadu
Chandigarh,Moderate,105,"PM
2.5",3/3,Chandigarh
Rajsamand,Moderate,104,"PM
10",1/1,Rajasthan
Alwar,Moderate,104,"PM
10",1/1,Rajasthan
Dharwad,Moderate,103,"PM
10",1/1,Karnataka
Pali,Moderate,102,"PM
2.5",1/1,Rajasthan
Raipur,Moderate,102,"PM
10",4/4,Chhattisgarh
Hyderabad,Moderate,102,"PM , PM
2.5 10",11/14,Telangana
Panchgaon,Moderate,102,"PM
10",1/1,Haryana
Parbhani,Moderate,101,"PM
2.5",1/1,Maharashtra
Baripada,Moderate,101,"PM
10",1/1,Odisha
Keonjhar,Moderate,101,"PM
10",1/1,Odisha
Badlapur,Satisfactory,100,"PM
10",1/1,Maharashtra
Pimpri-Chinchwad,Satisfactory,100,"PM
10",4/4,Maharashtra
Thanjavur,Satisfactory,100,"PM
10",1/1,Tamil Nadu
Karur,Satisfactory,100,"PM
2.5",1/1,Tamil Nadu
Ooty,Satisfactory,100,"PM
2.5",1/1,Tamil Nadu
Solapur,Satisfactory,99,"O , PM
3 10",2/3,Maharashtra
Navi Mumbai,Satisfactory,99,"PM , PM
2.5 10",6/8,Maharashtra
Vellore,Satisfactory,99,"PM
2.5",1/1,Tamil Nadu
Dhanbad,Satisfactory,99,"NO
2",1/2,Jharkhand
Brajrajnagar,Satisfactory,98,"PM
10",1/1,Odisha
Thane,Satisfactory,98,"PM
10",2/2,Maharashtra
Malegaon,Satisfactory,97,"PM
10",1/1,Maharashtra
Buxar,Satisfactory,97,"PM
2.5",1/1,Bihar
Indore,Satisfactory,95,"NO , PM
2 10",5/6,Madhya Pradesh
Haldia,Satisfactory,95,"PM
10",1/1,West Bengal
Akola,Satisfactory,93,"PM
2.5",1/1,Maharashtra
Bareilly,Satisfactory,92,"PM
10",2/2,Uttar Pradesh
Hosur,Satisfactory,92,"PM
10",1/1,Tamil Nadu
Nagapattinam,Satisfactory,92,"PM
2.5",1/1,Tamil Nadu
Mahad,Satisfactory,91,"PM
10",1/1,Maharashtra
Sagar,Satisfactory,91,"PM
10",1/2,Madhya Pradesh
Bihar Sharif,Satisfactory,91,"PM
2.5",1/1,Bihar
Balasore,Satisfactory,91,"PM
10",1/1,Odisha
Nashik,Satisfactory,90,"PM
10",3/4,Maharashtra
Pune,Satisfactory,90,"PM
10",7/13,Maharashtra
Siliguri,Satisfactory,90,"PM
2.5",1/1,West Bengal
Belgaum,Satisfactory,89,"PM
10",1/1,Karnataka
Tumidih,Satisfactory,89,"O
3",1/1,Chhattisgarh
Madikeri,Satisfactory,89,"PM
2.5",1/1,Karnataka
Muzaffarpur,Satisfactory,89,"PM , PM
2.5 10",3/3,Bihar
Katihar,Satisfactory,88,CO,1/1,Bihar
Rajgir,Satisfactory,88,CO,1/1,Bihar
Bhagalpur,Satisfactory,86,"O , PM
3 10",2/2,Bihar
Tirupur,Satisfactory,86,"PM
10",1/1,Tamil Nadu
Coimbatore,Satisfactory,86,"PM
2.5",2/2,Tamil Nadu
Ulhasnagar,Satisfactory,85,"PM
10",1/1,Maharashtra
Siwan,Satisfactory,84,CO,1/1,Bihar
Bilaspur,Satisfactory,83,"PM
10",1/1,Chhattisgarh
Munger,Satisfactory,83,"PM
2.5",1/1,Bihar
Milupara,Satisfactory,83,"O
3",1/1,Chhattisgarh
Rupnagar,Satisfactory,82,"PM
10",1/1,Punjab
Gangtok,Satisfactory,81,"O
3",1/1,Sikkim
Virar,Satisfactory,80,"PM
10",1/1,Maharashtra
Ariyalur,Satisfactory,80,"PM
10",1/1,Tamil Nadu
Barrackpore,Satisfactory,79,"PM
10",1/1,West Bengal
Kollam,Satisfactory,78,"PM
2.5",1/1,Kerala
Begusarai,Satisfactory,76,"PM
2.5",1/1,Bihar
Mangalore,Satisfactory,75,"PM
10",1/1,Karnataka
Bidar,Satisfactory,75,"PM
10",1/1,Karnataka
Mandikhera,Satisfactory,74,CO,1/1,Haryana
Salem,Satisfactory,74,"PM
2.5",1/1,Tamil Nadu
Mysuru,Satisfactory,73,"PM
10",1/1,Karnataka
Kohima,Satisfactory,72,"SO
2",1/1,Nagaland
Surat,Satisfactory,71,"PM
10",1/1,Gujarat
Nayagarh,Satisfactory,70,"PM
10",1/1,Odisha
Dehradun,Satisfactory,70,"PM
2.5",1/1,Uttarakhand
Saharsa,Satisfactory,70,"PM
2.5",1/1,Bihar
Korba,Satisfactory,69,"PM , PM
2.5 10",2/2,Chhattisgarh
Anantapur,Satisfactory,68,"O
3",1/1,Andhra Pradesh
Kadapa,Satisfactory,67,"PM
10",1/1,Andhra Pradesh
Bhilai,Satisfactory,67,"O , PM
3 10",3/3,Chhattisgarh
Naharlagun,Satisfactory,67,"PM
10",1/1,
Satna,Satisfactory,64,"PM
10",1/1,Madhya Pradesh
Koppal,Satisfactory,64,CO,1/1,Karnataka
Kunjemura,Satisfactory,64,"PM
10",1/1,Chhattisgarh
Ramanathapuram,Satisfactory,63,"PM
10",1/1,Tamil Nadu
Kalaburagi,Satisfactory,63,"CO, PM
10",2/2,Karnataka
Ahmednagar,Satisfactory,62,"O
3",1/1,Maharashtra
Vijayawada,Satisfactory,62,"CO, PM
2.5",2/4,Andhra Pradesh
Tiruchirappalli,Satisfactory,62,"PM
10",1/1,Tamil Nadu
Guwahati,Satisfactory,62,"SO , PM , PM
2 2.5 10",4/4,Assam
Palkalaiperur,Satisfactory,61,"PM
10",1/1,
Jhansi,Satisfactory,60,"PM
10",1/1,Uttar Pradesh
Udupi,Satisfactory,58,"PM
10",1/1,Karnataka
Sivasagar,Satisfactory,58,"PM
10",1/1,Assam
Hubballi,Satisfactory,57,"PM
10",1/2,Karnataka
Rishikesh,Satisfactory,56,"PM
10",1/1,Uttarakhand
Kannur,Satisfactory,56,"PM
10",1/1,Kerala
Thrissur,Satisfactory,55,"PM
10",1/1,Kerala
Chikkamagaluru,Satisfactory,52,"PM
10",1/1,Karnataka
Silchar,Satisfactory,52,"PM
10",1/1,Assam
Thiruvananthapuram,Satisfactory,52,"NO , PM
2 10",2/2,Kerala
Shivamogga,Satisfactory,52,"O
3",1/1,Karnataka
Arrah,Good,50,CO,1/1,Bihar
Agartala,Good,48,"PM
10",1/2,Tripura
Chamarajanagar,Good,45,"PM
10",1/1,Karnataka
Tirunelveli,Good,37,"PM
10",1/1,Tamil Nadu
Nagaon,Good,32,"PM
10",1/1,Assam
Gadag,Good,28,"SO
2",1/1,Karnataka
Kanchipuram,Good,28,"PM
10",1/1,Tamil Nadu
Namakkal,Good,27,"PM
10",1/1,Tamil Nadu
